{
    "name": "All Requests",
    "numberOfRequests": {
        "total": 360,
        "ok": 267,
        "ko": 93
    },
    "minResponseTime": {
        "total": 187,
        "ok": 187,
        "ko": 188
    },
    "maxResponseTime": {
        "total": 13113,
        "ok": 11411,
        "ko": 13113
    },
    "meanResponseTime": {
        "total": 555,
        "ok": 552,
        "ko": 562
    },
    "standardDeviation": {
        "total": 1431,
        "ok": 1204,
        "ko": 1941
    },
    "percentiles1": {
        "total": 288,
        "ok": 297,
        "ko": 201
    },
    "percentiles2": {
        "total": 339,
        "ok": 352,
        "ko": 206
    },
    "percentiles3": {
        "total": 1388,
        "ok": 1393,
        "ko": 382
    },
    "percentiles4": {
        "total": 10091,
        "ok": 7387,
        "ko": 10340
    },
    "group1": {
    "name": "t < 800 ms",
    "htmlName": "t < 800 ms",
    "count": 244,
    "percentage": 67.77777777777779
},
    "group2": {
    "name": "800 ms <= t < 1200 ms",
    "htmlName": "t >= 800 ms <br> t < 1200 ms",
    "count": 0,
    "percentage": 0.0
},
    "group3": {
    "name": "t >= 1200 ms",
    "htmlName": "t >= 1200 ms",
    "count": 23,
    "percentage": 6.388888888888888
},
    "group4": {
    "name": "failed",
    "htmlName": "failed",
    "count": 93,
    "percentage": 25.833333333333336
},
    "meanNumberOfRequestsPerSecond": {
        "total": 8.571428571428571,
        "ok": 6.357142857142857,
        "ko": 2.2142857142857144
    }
}