{
    "name": "All Requests",
    "numberOfRequests": {
        "total": 360,
        "ok": 356,
        "ko": 4
    },
    "minResponseTime": {
        "total": 184,
        "ok": 184,
        "ko": 6234
    },
    "maxResponseTime": {
        "total": 20085,
        "ok": 11636,
        "ko": 20085
    },
    "meanResponseTime": {
        "total": 749,
        "ok": 626,
        "ko": 11681
    },
    "standardDeviation": {
        "total": 1963,
        "ok": 1482,
        "ko": 5511
    },
    "percentiles1": {
        "total": 289,
        "ok": 289,
        "ko": 10203
    },
    "percentiles2": {
        "total": 356,
        "ok": 352,
        "ko": 14847
    },
    "percentiles3": {
        "total": 3400,
        "ok": 1749,
        "ko": 19037
    },
    "percentiles4": {
        "total": 10862,
        "ok": 9990,
        "ko": 19875
    },
    "group1": {
    "name": "t < 800 ms",
    "htmlName": "t < 800 ms",
    "count": 323,
    "percentage": 89.72222222222223
},
    "group2": {
    "name": "800 ms <= t < 1200 ms",
    "htmlName": "t >= 800 ms <br> t < 1200 ms",
    "count": 2,
    "percentage": 0.5555555555555556
},
    "group3": {
    "name": "t >= 1200 ms",
    "htmlName": "t >= 1200 ms",
    "count": 31,
    "percentage": 8.61111111111111
},
    "group4": {
    "name": "failed",
    "htmlName": "failed",
    "count": 4,
    "percentage": 1.1111111111111112
},
    "meanNumberOfRequestsPerSecond": {
        "total": 8.372093023255815,
        "ok": 8.279069767441861,
        "ko": 0.09302325581395349
    }
}